Type,Name,Request Count,Failure Count,Median Response Time,Average Response Time,Min Response Time,Max Response Time,Average Content Size,Requests/s,Failures/s,50%,66%,75%,80%,90%,95%,98%,99%,99.9%,99.99%,100%
POST,/predict,2049,0,190.0,209.40813411697846,99.49299995787442,765.4663999564946,39.0,11.432354305529532,0.0,190,220,260,280,350,410,470,520,660,770,770
,Aggregated,2049,0,190.0,209.40813411697846,99.49299995787442,765.4663999564946,39.0,11.432354305529532,0.0,190,220,260,280,350,410,470,520,660,770,770
